interval_start_utc,settlement_point,price_usd_per_mwh
2026-01-28T06:00:00Z,LZ_HOUSTON,229.36
2026-01-28T06:15:00Z,LZ_HOUSTON,264.23
2026-01-28T06:30:00Z,LZ_HOUSTON,261.96
2026-01-28T06:45:00Z,LZ_HOUSTON,282.71
2026-01-28T07:00:00Z,LZ_HOUSTON,289.91
2026-01-28T07:15:00Z,LZ_HOUSTON,270.67
2026-01-28T07:30:00Z,LZ_HOUSTON,281.06
2026-01-28T07:45:00Z,LZ_HOUSTON,296.19
2026-01-28T08:00:00Z,LZ_HOUSTON,357.60
2026-01-28T08:15:00Z,LZ_HOUSTON,354.49
2026-01-28T08:30:00Z,LZ_HOUSTON,352.82
2026-01-28T08:45:00Z,LZ_HOUSTON,361.56
2026-01-28T09:00:00Z,LZ_HOUSTON,293.32
2026-01-28T09:15:00Z,LZ_HOUSTON,288.38
2026-01-28T09:30:00Z,LZ_HOUSTON,297.66
2026-01-28T09:45:00Z,LZ_HOUSTON,311.42
2026-01-28T10:00:00Z,LZ_HOUSTON,282.65
2026-01-28T10:15:00Z,LZ_HOUSTON,256.33
2026-01-28T10:30:00Z,LZ_HOUSTON,272.75
2026-01-28T10:45:00Z,LZ_HOUSTON,322.36
2026-01-28T11:00:00Z,LZ_HOUSTON,327.70
2026-01-28T11:15:00Z,LZ_HOUSTON,350.15
2026-01-28T11:30:00Z,LZ_HOUSTON,420.75
2026-01-28T11:45:00Z,LZ_HOUSTON,510.61
2026-01-28T12:00:00Z,LZ_HOUSTON,418.07
2026-01-28T12:15:00Z,LZ_HOUSTON,485.99
2026-01-28T12:30:00Z,LZ_HOUSTON,614.10
2026-01-28T12:45:00Z,LZ_HOUSTON,855.70
2026-01-28T13:00:00Z,LZ_HOUSTON,1284.81
2026-01-28T13:15:00Z,LZ_HOUSTON,675.58
2026-01-28T13:30:00Z,LZ_HOUSTON,542.83
2026-01-28T13:45:00Z,LZ_HOUSTON,377.00
2026-01-28T14:00:00Z,LZ_HOUSTON,239.66
2026-01-28T14:15:00Z,LZ_HOUSTON,78.16
2026-01-28T14:30:00Z,LZ_HOUSTON,49.53
2026-01-28T14:45:00Z,LZ_HOUSTON,35.48
2026-01-28T15:00:00Z,LZ_HOUSTON,30.80
2026-01-28T15:15:00Z,LZ_HOUSTON,39.06
2026-01-28T15:30:00Z,LZ_HOUSTON,42.62
2026-01-28T15:45:00Z,LZ_HOUSTON,38.28
2026-01-28T16:00:00Z,LZ_HOUSTON,33.29
2026-01-28T16:15:00Z,LZ_HOUSTON,38.89
2026-01-28T16:30:00Z,LZ_HOUSTON,40.28
2026-01-28T16:45:00Z,LZ_HOUSTON,43.23
2026-01-28T17:00:00Z,LZ_HOUSTON,41.45
2026-01-28T17:15:00Z,LZ_HOUSTON,38.45
2026-01-28T17:30:00Z,LZ_HOUSTON,32.74
2026-01-28T17:45:00Z,LZ_HOUSTON,29.07
2026-01-28T18:00:00Z,LZ_HOUSTON,30.18
2026-01-28T18:15:00Z,LZ_HOUSTON,28.47
2026-01-28T18:30:00Z,LZ_HOUSTON,25.73
2026-01-28T18:45:00Z,LZ_HOUSTON,24.48
2026-01-28T19:00:00Z,LZ_HOUSTON,24.71
2026-01-28T19:15:00Z,LZ_HOUSTON,23.98
2026-01-28T19:30:00Z,LZ_HOUSTON,22.95
2026-01-28T19:45:00Z,LZ_HOUSTON,21.08
2026-01-28T20:00:00Z,LZ_HOUSTON,22.40
2026-01-28T20:15:00Z,LZ_HOUSTON,19.02
2026-01-28T20:30:00Z,LZ_HOUSTON,19.43
2026-01-28T20:45:00Z,LZ_HOUSTON,18.36
2026-01-28T21:00:00Z,LZ_HOUSTON,18.80
2026-01-28T21:15:00Z,LZ_HOUSTON,13.30
2026-01-28T21:30:00Z,LZ_HOUSTON,15.99
2026-01-28T21:45:00Z,LZ_HOUSTON,14.64
2026-01-28T22:00:00Z,LZ_HOUSTON,8.74
2026-01-28T22:15:00Z,LZ_HOUSTON,27.67
2026-01-28T22:30:00Z,LZ_HOUSTON,40.69
2026-01-28T22:45:00Z,LZ_HOUSTON,77.45
2026-01-28T23:00:00Z,LZ_HOUSTON,80.74
2026-01-28T23:15:00Z,LZ_HOUSTON,98.76
2026-01-28T23:30:00Z,LZ_HOUSTON,108.24
2026-01-28T23:45:00Z,LZ_HOUSTON,107.45
2026-01-29T00:00:00Z,LZ_HOUSTON,98.55
2026-01-29T00:15:00Z,LZ_HOUSTON,93.87
2026-01-29T00:30:00Z,LZ_HOUSTON,88.78
2026-01-29T00:45:00Z,LZ_HOUSTON,83.30
2026-01-29T01:00:00Z,LZ_HOUSTON,75.77
2026-01-29T01:15:00Z,LZ_HOUSTON,63.04
2026-01-29T01:30:00Z,LZ_HOUSTON,59.07
2026-01-29T01:45:00Z,LZ_HOUSTON,58.11
2026-01-29T02:00:00Z,LZ_HOUSTON,56.86
2026-01-29T02:15:00Z,LZ_HOUSTON,54.46
2026-01-29T02:30:00Z,LZ_HOUSTON,50.52
2026-01-29T02:45:00Z,LZ_HOUSTON,45.46
2026-01-29T03:00:00Z,LZ_HOUSTON,44.24
2026-01-29T03:15:00Z,LZ_HOUSTON,38.38
2026-01-29T03:30:00Z,LZ_HOUSTON,36.09
2026-01-29T03:45:00Z,LZ_HOUSTON,35.24
2026-01-29T04:00:00Z,LZ_HOUSTON,31.84
2026-01-29T04:15:00Z,LZ_HOUSTON,31.47
2026-01-29T04:30:00Z,LZ_HOUSTON,31.45
2026-01-29T04:45:00Z,LZ_HOUSTON,30.35
2026-01-29T05:00:00Z,LZ_HOUSTON,30.25
2026-01-29T05:15:00Z,LZ_HOUSTON,27.71
2026-01-29T05:30:00Z,LZ_HOUSTON,28.16
2026-01-29T05:45:00Z,LZ_HOUSTON,26.64
